"Вопрос (Front)","Ответ (Back)","Теги (Tags)"
"Чему равен \(\sin \alpha\) острого угла в прямоугольном треугольнике через стороны?","Отношению противолежащего катета к гипотенузе:<br>\(\sin \alpha = \frac{a}{c}\)","егэ_профиль планиметрия прямоугольный_треугольник тригонометрия"
"Чему равен \(\cos \alpha\) острого угла в прямоугольном треугольнике через стороны?","Отношению прилежащего катета к гипотенузе:<br>\(\cos \alpha = \frac{b}{c}\)","егэ_профиль планиметрия прямоугольный_треугольник тригонометрия"
"Чему равен \(\operatorname{tg} \alpha\) острого угла в прямоугольном треугольнике через стороны?","Отношению противолежащего катета к прилежащему:<br>\(\operatorname{tg} \alpha = \frac{a}{b} = \frac{\sin \alpha}{\cos \alpha}\)","егэ_профиль планиметрия прямоугольный_треугольник тригонометрия"
"Как связаны тригонометрические функции угла \(\alpha\) и дополнительного угла \((90^\circ - \alpha)\)?","\(\sin \alpha = \cos(90^\circ - \alpha)\)<br>\(\cos \alpha = \sin(90^\circ - \alpha)\)","егэ_профиль планиметрия прямоугольный_треугольник тригонометрия"
"Основное тригонометрическое тождество (связь синуса и косинуса одного угла)","\(\sin^2 \alpha + \cos^2 \alpha = 1 \implies \sin \alpha = \sqrt{1 - \cos^2 \alpha}\)","егэ_профиль планиметрия прямоугольный_треугольник тригонометрия"
"Связь тангенса и косинуса одного угла: \(1 + \operatorname{tg}^2 \alpha = \dots\)","\(1 + \operatorname{tg}^2 \alpha = \frac{1}{\cos^2 \alpha}\)","егэ_профиль планиметрия прямоугольный_треугольник тригонометрия"
"Тригонометрия тупого угла: чему равен \(\cos(180^\circ - \beta)\)?","\(\cos(180^\circ - \beta) = -\cos \beta\)<br><b>Косинус тупого угла всегда отрицателен!</b>","егэ_профиль планиметрия прямоугольный_треугольник тригонометрия ловушки_егэ"
"Тригонометрия тупого угла: чему равен \(\operatorname{tg}(180^\circ - \beta)\)?","\(\operatorname{tg}(180^\circ - \beta) = -\operatorname{tg} \beta\)<br><b>Тангенс тупого угла всегда отрицателен!</b>","егэ_профиль планиметрия прямоугольный_треугольник тригонометрия ловушки_егэ"
"Тригонометрия тупого угла: чему равен \(\sin(180^\circ - \beta)\)?","\(\sin(180^\circ - \beta) = \sin \beta\)<br><b>Синус тупого угла сохраняет знак плюс!</b>","егэ_профиль планиметрия прямоугольный_треугольник тригонометрия ловушки_егэ"
"Назови 4 ключевые пифагоровы тройки для ЕГЭ","1. \(3 - 4 - 5\) (кратные: \(6-8-10\), \(9-12-15\), \(15-20-25\))<br>2. \(5 - 12 - 13\) (кратные: \(10-24-26\))<br>3. \(8 - 15 - 17\)<br>4. \(7 - 24 - 25\)","егэ_профиль планиметрия прямоугольный_треугольник пифагоровы_тройки"
"Высота \(h\) к гипотенузе через катеты \(a, b\) и гипотенузу \(c\)","\(h = \frac{a \cdot b}{c}\)<br><i>(выводится через площадь: \(S = \frac{1}{2}ab = \frac{1}{2}ch\))</i>","егэ_профиль планиметрия прямоугольный_треугольник высота_к_гипотенузе"
"Высота \(h\) к гипотенузе через проекции катетов \(a_c\) и \(b_c\)","\(h^2 = a_c \cdot b_c \implies h = \sqrt{a_c \cdot b_c}\)<br><i>(среднее геометрическое отрезков гипотенузы)</i>","егэ_профиль планиметрия прямоугольный_треугольник пропорциональные_отрезки"
"Катет \(a\) через гипотенузу \(c\) и свою проекцию \(a_c\)","\(a^2 = c \cdot a_c \implies a = \sqrt{c \cdot a_c}\)<br><i>(катет — среднее геометрическое всей гипотенузы и своей проекции)</i>","егэ_профиль планиметрия прямоугольный_треугольник пропорциональные_отрезки"
"Катет \(b\) через гипотенузу \(c\) и свою проекцию \(b_c\)","\(b^2 = c \cdot b_c \implies b = \sqrt{c \cdot b_c}\)<br><i>(катет — среднее геометрическое всей гипотенузы и своей проекции)</i>","егэ_профиль планиметрия прямоугольный_треугольник пропорциональные_отрезки"
"Где лежит центр описанной окружности около прямоугольного треугольника и чему равен её радиус \(R\)?","Центр лежит на <b>середине гипотенузы</b>.<br>\(R = \frac{c}{2}\)","егэ_профиль планиметрия прямоугольный_треугольник описанная_окружность"
"Чему равна медиана \(m_c\), проведённая к гипотенузе прямоугольного треугольника, и какое свойство она образует?","\(m_c = \frac{c}{2} = R\)<br><b>Свойство:</b> медиана делит прямоугольный треугольник на два равнобедренных.","егэ_профиль планиметрия прямоугольный_треугольник медиана"
"Радиус вписанной окружности \(r\) в прямоугольный треугольник (2 формулы)","1. \(r = \frac{a + b - c}{2}\)<br>2. \(r = p - c\)<br><i>(где \(p = \frac{a+b+c}{2}\) — полупериметр)</i>","егэ_профиль планиметрия прямоугольный_треугольник вписанная_окружность"
"Формулы площади прямоугольного треугольника (через катеты, через гипотенузу и высоту, через полупериметр)","1. \(S = \frac{1}{2}ab\)<br>2. \(S = \frac{1}{2}c h_c\)<br>3. \(S = p \cdot r\)","егэ_профиль планиметрия прямоугольный_треугольник площадь"
"Прямоугольный треугольник с углами \(30^\circ\) и \(60^\circ\): стороны и их отношение","• Катет против \(30^\circ\): \(a = \frac{c}{2}\)<br>• Катет против \(60^\circ\): \(b = \frac{c\sqrt{3}}{2} = a\sqrt{3}\)<br>• Отношение сторон: \(1 : \sqrt{3} : 2\)","егэ_профиль планиметрия прямоугольный_треугольник частные_случаи"
"Равнобедренный прямоугольный треугольник (углы \(45^\circ, 45^\circ, 90^\circ\)): стороны, высота и площадь через катет \(a\)","• Катеты: \(a = b\)<br>• Гипотенуза: \(c = a\sqrt{2}\)<br>• Высота/медиана к гипотенузе: \(h_c = m_c = \frac{c}{2} = \frac{a\sqrt{2}}{2}\)<br>• Площадь: \(S = \frac{a^2}{2} = \frac{c^2}{4}\)","егэ_профиль планиметрия прямоугольный_треугольник частные_случаи"
"В КИМ ЕГЭ треугольник изображен вершиной прямого угла вверх, известны все три стороны. Как быстрее всего найти высоту к гипотенузе?","Через приравнивание площадей:<br>\(\frac{1}{2}ab = \frac{1}{2}ch \implies h = \frac{ab}{c}\)","егэ_профиль планиметрия прямоугольный_треугольник ловушки_егэ"
